locus_tag	gene_name	function	logFC	logCPM	PValue	qvalue
BW25113_0001	thrL	thr operon leader peptide	-0.12047909	5.28647643	0.664615318	0.922021885
BW25113_0002	thrA	Bifunctional aspartokinase/homoserine dehydrogenase 1	-0.006023801	9.640576084	0.96349981	0.994119194
BW25113_0003	thrB	homoserine kinase	-0.022676306	7.897973513	0.883684138	0.983193485
BW25113_0004	thrC	L-threonine synthase	0.150143241	8.420310122	0.359433667	0.791527354
BW25113_0005	yaaX	DUF2502 family putative periplasmic protein	0.301912321	6.361070518	0.20011104	0.654705756
