locus_tag	gene_name	ncrna	start	end	strand	read_count	ins_index	gene_length	ins_count	fcn
BW25113_0001	thrL	0	190	255	1	73	0.233333333333333	66	14	"thr operon leader peptide"
BW25113_0002	thrA	0	337	2799	1	1641	0.143437077131258	2463	318	"Bifunctional aspartokinase/homoserine dehydrogenase 1"
BW25113_0003	thrB	0	2801	3733	1	497	0.15	933	126	"homoserine kinase"
BW25113_0004	thrC	0	3734	5020	1	751	0.120793787748059	1287	140	"L-threonine synthase"
BW25113_0005	yaaX	0	5234	5530	1	167	0.167910447761194	297	45	"DUF2502 family putative periplasmic protein"
